id,first_name,last_name,email,gender,ip_address,sha1sum
1,Merv,Vargas,mvargas0@dot.gov,Male,103.46.156.162,4a339e1ea4a30356a616659b8c3f10318ba5877f
2,Padraig,Bann,pbann1@de.vu,Male,166.251.61.210,ecac332d63dfdaff9f04e4eb1c4b5bf7b24ef6aa
3,Gregorius,Epine,gepine2@sciencedaily.com,Male,41.98.116.140,c6744700f84737817383f909d4e82a4b6339b2e2
4,Jojo,Becerro,jbecerro3@ibm.com,Female,221.124.214.57,7425b78968476070a65136c0694081595f79b2bb
5,Boris,Wilse,bwilse4@webnode.com,Male,6.2.50.167,32b44456e9c66ddaf5a5c1d5affd27b4d50d24c5
6,Phip,Niese,pniese5@goo.gl,Male,201.22.147.42,34bf581104dc88096ab194f775dc943479d3212a
7,Paige,Jasik,pjasik6@example.com,Male,196.62.233.38,213764d05cabfc66fbf8117e31474a0fc6eccf46
8,Isidoro,Gynn,igynn7@wikipedia.org,Male,116.30.169.248,ba5ce4b7322ce6ddbe2058906e82fc3331cd421d
9,Rene,Fairleigh,rfairleigh8@privacy.gov.au,Female,142.130.169.1,227d630505c98d0fe66e044dd46d53af731f6003
10,Anabel,Whiffin,awhiffin9@xrea.com,Bigender,6.116.218.142,5b0e9721b35931ba57b11e71bfbf2db443407600
11,Giana,Doorbar,gdoorbara@timesonline.co.uk,Female,239.100.211.46,e53519f13e4a3754cdcd56c5f37a70397bf4cc22
12,Heath,Sisse,hsisseb@aol.com,Female,191.174.216.236,1605b14cac29f81cc732dcc78a4484f93b382ef0
13,Rivy,Barfoot,rbarfootc@scientificamerican.com,Female,4.64.149.171,0af5ee4ffc3527547286f64281ee16e5e40c6285
14,Wynne,Trafford,wtraffordd@amazon.co.uk,Female,231.208.32.151,71b9f905d11dc3ade7b30136246c69797de00c09
15,Stillman,Mc Cahey,smccaheye@livejournal.com,Male,155.54.32.238,fdd2c49133ce2d74a38fe5f5e2cb686279587e92
16,Lucille,Pinnion,lpinnionf@4shared.com,Female,48.77.140.118,b630b7c0811400d4fff5cb7de9c23813271cf376
17,Tiebold,Mottershaw,tmottershawg@nps.gov,Male,49.210.235.178,c0f69a512b566c7e9710a5f26b8955d75df502b6
18,Ira,Fearfull,ifearfullh@reddit.com,Male,164.57.176.134,6091c8eecd14d6c6e74d075367ddc187058fb858
19,Merwin,Marsh,mmarshi@ow.ly,Male,217.54.51.40,2453f46ffe6c6080d326b2f73a6c76b93608f68f
20,Kasper,Dailly,kdaillyj@bluehost.com,Genderfluid,222.111.61.163,9e2a223456609c55b3c781f4f7a5831b3b759f6f
21,Lynea,Wolfinger,lwolfingerk@cdc.gov,Female,38.70.198.171,8afa2869f2cf99154cf5c8fa6167483a41c6cf91
22,Roth,Ollerhad,rollerhadl@ebay.com,Male,35.184.82.182,2455bd98df0d4107eed5770dec6af6d810104d22
23,Zulema,Motton,zmottonm@un.org,Female,113.203.235.229,b55688b9019bcd0cc5535e9fbc0baa82017ea022
24,Benoite,Koch,bkochn@google.it,Female,225.103.98.193,f5d4768f40a28f3a953570bb37bf22af5e8fc6a3
25,Liuka,Canadas,lcanadaso@technorati.com,Female,15.184.148.255,4dafe2997292493828d9ca03eb270a86d7af64bb
26,Florie,Hackford,fhackfordp@hugedomains.com,Female,246.52.125.251,8a64df1fed302ec572c7a6daa93b4be9cc862b19
27,Obidiah,Bolam,obolamq@hatena.ne.jp,Male,190.228.90.19,b8387c52d8a0b36158a121691676dbcfbfd64bd3
28,Glyn,Trippick,gtrippickr@sakura.ne.jp,Female,62.172.97.126,58b5bc033e7f0d107ebdafdee30f883e62f16d01
29,Rancell,Eveque,reveques@linkedin.com,Male,169.104.61.160,88e29384acb2bc66c29d64c941a75c57e9b97c6c
30,Elora,Beament,ebeamentt@geocities.com,Female,205.161.146.246,ce9b9e90311e95a07e159945d9a016da2e7ff5ca
31,Aimil,Barnardo,abarnardou@chronoengine.com,Female,245.75.21.117,ce4974e0782761517b17741c4324cd1f9770b468
32,Rubia,Syson,rsysonv@cnbc.com,Female,203.184.122.240,766d343376dbb4b8ee173341a4647b7be68530b4
33,Geri,Parsall,gparsallw@blogspot.com,Male,68.17.85.124,824af2562c79cef9d685132cced25f0a9f84e720
34,Ronalda,Arrigucci,rarriguccix@pagesperso-orange.fr,Female,69.204.104.58,a8aef97fe80c10a7d631f6f1cc67653e7c4282f4
35,Chloette,Frew,cfrewy@odnoklassniki.ru,Agender,46.90.247.190,e75d0923e623c202f785ed659439b964d9b5714b
36,Mirilla,Jennemann,mjennemannz@dailymotion.com,Female,49.171.95.150,464eaf853bded296c9b7e3e4dfb38c1880298301
37,Marsiella,Millan,mmillan10@berkeley.edu,Female,9.123.150.196,9c41ccbcce39d16ba712b5090d611df2b0be5b29
38,Marlena,Skillern,mskillern11@ed.gov,Female,155.228.123.216,dcfb257fc6bfee02730e36f60d05faecdb76faca
39,Marve,Puckey,mpuckey12@aboutads.info,Male,104.128.45.240,810b446446dac84f279ed735268fee63e0f0c0eb
40,Barnett,Speeding,bspeeding13@usgs.gov,Male,122.184.89.128,78744040bf31d4b62b75078e644586d5abd5e71f
41,Gail,Caulton,gcaulton14@nbcnews.com,Genderfluid,122.124.244.113,44ebeba67141e7cf8f1c96e1d4e1825fce21fb2a
42,Charlie,Tiernan,ctiernan15@livejournal.com,Male,142.194.252.60,86713423013fca47bdf29ffafb064afe60974fd2
43,Ida,Gibbin,igibbin16@lycos.com,Female,255.221.138.39,54d1ad437996741ba5c04827007b969e124d6a34
44,Irv,Andriessen,iandriessen17@printfriendly.com,Male,119.95.197.192,a292487ef38e53038cbae3eb657b668bc3fd81de
45,Marmaduke,Dearlove,mdearlove18@is.gd,Genderfluid,118.253.138.180,7edec5a7bd7767835d747c22c1396ae9bc786565
46,Dur,Gredden,dgredden19@nasa.gov,Male,179.136.213.4,955e05835f43c09ff0d56935f841762022e232ed
47,Sorcha,Sambrook,ssambrook1a@google.nl,Female,196.176.153.241,7d40c7d42b70b869864c0eac053af49916266444
48,Raynard,McCole,rmccole1b@icq.com,Male,162.249.189.154,410e1d857ee0323881eec9afdab8841666dca37f
49,Kipp,Konerding,kkonerding1c@360.cn,Female,22.61.120.104,c60e90390fe2c758f78d9df813a01d9bf8983e67
50,Zebadiah,Reggler,zreggler1d@shop-pro.jp,Male,30.143.54.173,b068b6679efc8dbe216e85b842a5d77df84ebfd4
51,Marcellus,Liff,mliff1e@ibm.com,Male,253.1.134.214,f9441f2cf40868ec0b00eaad0b36d8bd50c0f6a3
52,Elli,Hamlett,ehamlett1f@marketwatch.com,Female,180.38.168.223,8b297333d57b13ca92f438a0a3349a709e4c16fb
53,Karola,Abramzon,kabramzon1g@facebook.com,Female,168.226.152.84,e174989c1f6289f89c785348fba5d7d601b554ed
54,Nickie,Dunkerk,ndunkerk1h@census.gov,Female,234.2.231.39,0d0316c46b683833bf52a95e737519102fd7bb4a
55,Lisette,McGeechan,lmcgeechan1i@boston.com,Female,121.39.133.195,8769e802283c63d3df02b21b183e2b78cf79ac29
56,Verge,Nevison,vnevison1j@eventbrite.com,Male,65.237.180.170,077366f500080c90ae116bfe034697cb71787170
57,Morgun,Holdron,mholdron1k@simplemachines.org,Male,199.193.76.179,0553450dcf19b1cfb3dd456e7c6043756c98838d
58,Kassi,Ive,kive1l@reference.com,Female,142.174.245.195,730d17d636e8d0af6517b83a5858c848359919b3
59,Rubie,Boller,rboller1m@amazon.co.jp,Female,186.249.119.121,c89d177da298a2f752651c4d26cdf7e2e39dbed6
60,Harlene,Woolham,hwoolham1n@mapy.cz,Female,68.60.131.138,2f4758b03f4ed2289d452e5e1a9fc7dca8576e04
61,Sargent,Beverstock,sbeverstock1o@forbes.com,Male,29.37.207.196,8aed994830f8d8611b6429db77efd9d4de54789c
62,Gwendolyn,Thomelin,gthomelin1p@omniture.com,Female,61.87.210.206,7e461242d7b8c1ab9ee943bb6007ed9980973019
63,Perkin,Hunn,phunn1q@t.co,Male,103.74.249.128,0868bd16fa54a71e747802076faa124c5ebd2bb4
64,Christy,Abramovic,cabramovic1r@ezinearticles.com,Female,169.31.235.72,892a8073608ecf4deb579dac4e47cad286a484f3
65,Maryrose,Sirkett,msirkett1s@imageshack.us,Non-binary,168.211.42.138,739b309ae1e10a83bb0b7efbdb6fe62fda7a2ea7
66,Joachim,Yegorshin,jyegorshin1t@domainmarket.com,Male,26.201.25.31,302c65262ed43705d5fcab8bbe514960f64929dd
67,Kayle,Sapauton,ksapauton1u@barnesandnoble.com,Female,73.248.187.2,0fc0c065a81a2f0f3d8646d8caf8d11f26f6a7e2
68,Nelli,Kardos-Stowe,nkardosstowe1v@psu.edu,Female,74.145.239.9,39b5968cfd076a1a0a99d1bf9d0d29a2f2808d87
69,Genovera,Tonry,gtonry1w@marriott.com,Female,19.165.29.8,222155a2c8e8ea41ca73e4e67fd6aa26dde198cb
70,Rolfe,Rowland,rrowland1x@wiley.com,Male,205.36.76.171,c0e63900cc20613edc3ded23ebcb285a22fb9cb6
71,Heida,Hargate,hhargate1y@flickr.com,Female,72.143.38.200,ca853af34641acc813f48fc7085428e1a1672632
72,Lanette,Campsall,lcampsall1z@macromedia.com,Female,12.129.102.7,66f5fc4cccb24b8707ff80f088719d5d3161adb6
73,Jemie,MacSherry,jmacsherry20@nsw.gov.au,Female,179.230.248.54,e1618bc01a0e2bdc8b1ddff6e89a3468db7e802c
74,Griffith,Huddy,ghuddy21@simplemachines.org,Genderqueer,71.99.178.235,535c256c3647531bd9d3727c46b8e732c6844c0a
75,Bari,Sturte,bsturte22@digg.com,Female,27.210.200.187,106aab5d787f910c097a4e82a7e8b54ff1d66479
76,Sherwood,Kain,skain23@networksolutions.com,Male,147.103.147.161,717d199dc1f5392eeacc852fac35e9aece5dbe10
77,Florance,Origin,forigin24@wired.com,Female,124.217.117.165,72aea4fa77830abdf1802e6e559ecd802e6af6c8
78,Marta,Heiton,mheiton25@paypal.com,Female,111.48.116.58,05e7b963951b838efab12d5ef65fdc03c9884dda
79,Rad,Nassy,rnassy26@ameblo.jp,Male,241.49.210.137,c245257eb1145d36f2afccb6f368235acb7918ca
80,Merwin,Owers,mowers27@blogger.com,Male,78.185.119.31,e566d2cc6102b1a364ab0f0eab4873a7d60b0714
81,Norrie,Winstone,nwinstone28@e-recht24.de,Genderqueer,236.254.222.233,3e0b9893c8989e266891bb6fad0352acb47855c4
82,Reynard,Aspy,raspy29@i2i.jp,Genderqueer,113.17.18.115,b041bc4efa79e180a410b9e3e2ad7611cf5e4a8e
83,Sterling,De Benedetti,sdebenedetti2a@imdb.com,Male,117.246.34.200,0b4da47fbc3a16897a80ebb275f6168c20bda345
84,Elfrieda,Markson,emarkson2b@fc2.com,Agender,240.33.8.85,21a8ca4758ab7dace7d8b7f813adbbdf4132cc8d
85,Smith,Gasticke,sgasticke2c@gmpg.org,Non-binary,42.18.11.198,6e4e41e0d4bc844cf609d023cbb83ee13e6a6135
86,Nico,M'Chirrie,nmchirrie2d@moonfruit.com,Male,156.87.80.181,72425b7205b41c7cb4a55c7339cc94ad0c5e8c10
87,Rolf,Greenrodd,rgreenrodd2e@webmd.com,Male,200.185.69.31,5e6f93ab5d362fee921b7564adb29b6eac5643ee
88,Jethro,Challis,jchallis2f@pen.io,Male,254.176.148.58,91258c08319d7e67247d48aca1e22bbc0c9473d6
89,Heloise,Walkling,hwalkling2g@shareasale.com,Female,63.37.13.135,c7aa7a2d2cbe24176f4fac94fa93ae1b4fceb742
90,Ario,McCluney,amccluney2h@guardian.co.uk,Male,217.193.250.250,175762653f91b77e02138dd65a437def65010cf3
91,Wiley,Breslane,wbreslane2i@printfriendly.com,Male,230.228.226.217,6fdf0ad519c68ed1dd4e981aeee381ec86f5c7b6
92,Constancia,Colter,ccolter2j@wix.com,Female,98.212.140.131,fb979f8ca894379ec3a9991a739b6a53d3a91d3b
93,Fidela,Stroder,fstroder2k@jugem.jp,Female,140.201.221.74,2c19ff669a38b2de5bc1e0d1938db30430eb5146
94,Smitty,Pearl,spearl2l@amazon.de,Male,243.238.24.91,bd024273b3d381406fa492205a3cf9601ee0d5de
95,Lari,Klassmann,lklassmann2m@umich.edu,Female,173.124.213.132,af143b10a29b017b69c60d48f3db16e7903becc3
96,Idelle,Manginot,imanginot2n@prweb.com,Female,191.203.49.148,728ce23cc2add6d2cabef4ecbc4dd7536dbe5531
97,Tobias,Dinnington,tdinnington2o@alibaba.com,Male,255.223.93.49,8e17c14c77e1936c1bd5c489a7af739abd781083
98,Sallee,Rickis,srickis2p@github.io,Female,9.42.103.146,ecd68ded5993a5cd395f0a9aa9b8a65dbb3d12f5
99,Meyer,Bontine,mbontine2q@vkontakte.ru,Male,28.199.135.89,34fa994302545f65279cf24ca40d2bb17b39eb37
100,Bjorn,Cinnamond,bcinnamond2r@oaic.gov.au,Bigender,70.139.221.62,367e5b3f84297b2a3f92668f3359166827666014
